Code,Description,Type
A,ONE FAMILY DWELLINGS,ONE FAMILY DWELLINGS
A0,CAPE COD,ONE FAMILY DWELLINGS
A1,TWO STORIES - DETACHED SM OR MID,ONE FAMILY DWELLINGS
A2,ONE STORY - PERMANENT LIVING QUARTER,ONE FAMILY DWELLINGS
A3,LARGE SUBURBAN RESIDENCE,ONE FAMILY DWELLINGS
A4,CITY RESIDENCE ONE FAMILY,ONE FAMILY DWELLINGS
A5,ONE FAMILY ATTACHED OR SEMI-DETACHED,ONE FAMILY DWELLINGS
A6,SUMMER COTTAGE,ONE FAMILY DWELLINGS
A7,MANSION TYPE OR TOWN HOUSE,ONE FAMILY DWELLINGS
A8,BUNGALOW COLONY - COOPERATIVELY OWNED LAND,ONE FAMILY DWELLINGS
A9,MISCELLANEOUS ONE FAMILY,ONE FAMILY DWELLINGS
B,TWO FAMILY DWELLINGS,TWO FAMILY DWELLINGS
B1,TWO FAMILY BRICK,TWO FAMILY DWELLINGS
B2,TWO FAMILY FRAME,TWO FAMILY DWELLINGS
B3,TWO FAMILY CONVERTED FROM ONE FAMILY,TWO FAMILY DWELLINGS
B9,MISCELLANEOUS TWO FAMILY,TWO FAMILY DWELLINGS
C,WALK UP APARTMENTS,WALK UP APARTMENTS
C0,THREE FAMILIES,WALK UP APARTMENTS
C1,OVER SIX FAMILIES WITHOUT STORES,WALK UP APARTMENTS
C2,FIVE TO SIX FAMILIES,WALK UP APARTMENTS
C3,FOUR FAMILIES,WALK UP APARTMENTS
C4,OLD LAW TENEMENT,WALK UP APARTMENTS
C5,CONVERTED DWELLINGS OR ROOMING HOUSE,WALK UP APARTMENTS
C6,WALK-UP COOPERATIVE,WALK UP APARTMENTS
C7,WALK-UP APT. OVER SIX FAMILIES WITH STORES,WALK UP APARTMENTS
C8,WALK-UP CO-OP; CONVERSION FROM LOFT/WAREHOUSE,WALK UP APARTMENTS
C9,GARDEN APARTMENTS,WALK UP APARTMENTS
CB,WALKUP APT LESS THAN 11 UNITS RESIDENTIAL,WALK UP APARTMENTS
CC,WALKUP CO-OP APT LESS THAN 11 UNITS RESIDENTIAL,WALK UP APARTMENTS
CM,MOBILE HOMES/TRAILER PARKS,WALK UP APARTMENTS
D,ELEVATOR APARTMENTS,ELEVATOR APARTMENTS
D0,ELEVATOR CO-OP; CONVERSION FROM LOFT/WAREHOUSE,ELEVATOR APARTMENTS
D1,ELEVATOR APT; SEMI-FIREPROOF WITHOUT STORES,ELEVATOR APARTMENTS
D2,ELEVATOR APT; ARTISTS IN RESIDENCE,ELEVATOR APARTMENTS
D3,ELEVATOR APT; FIREPROOF WITHOUT STORES,ELEVATOR APARTMENTS
D4,ELEVATOR COOPERATIVE,ELEVATOR APARTMENTS
D5,ELEVATOR APT; CONVERTED,ELEVATOR APARTMENTS
D6,ELEVATOR APT; FIREPROOF WITH STORES,ELEVATOR APARTMENTS
D7,ELEVATOR APT; SEMI-FIREPROOF WITH STORES,ELEVATOR APARTMENTS
D8,ELEVATOR APT; LUXURY TYPE,ELEVATOR APARTMENTS
D9,ELEVATOR APT; MISCELLANEOUS,ELEVATOR APARTMENTS
DB,ELEVATOR APT LESS THAN 11 UNITS RESIDENTIAL,ELEVATOR APARTMENTS
DC,ELEVATOR CO-OP APT LESS THAN 11 UNITS RESIDENTIAL,ELEVATOR APARTMENTS
E,WAREHOUSES,WAREHOUSES
E1,GENERAL WAREHOUSE,WAREHOUSES
E2,CONTRACTORS WAREHOUSE,WAREHOUSES
E7,SELF-STORAGE WAREHOUSES,WAREHOUSES
E9,MISCELLANEOUS WAREHOUSE,WAREHOUSES
F,FACTORIES AND INDUSTRIAL BUILDINGS,FACTORIES AND INDUSTRIAL BUILDINGS
F1,FACTORY; HEAVY MANUFACTURING - FIREPROOF,FACTORIES AND INDUSTRIAL BUILDINGS
F2,FACTORY; SPECIAL CONSTRUCTION - FIREPROOF,FACTORIES AND INDUSTRIAL BUILDINGS
F4,FACTORY; INDUSTRIAL SEMI-FIREPROOF,FACTORIES AND INDUSTRIAL BUILDINGS
F5,FACTORY; LIGHT MANUFACTURING,FACTORIES AND INDUSTRIAL BUILDINGS
F8,FACTORY; TANK FARM,FACTORIES AND INDUSTRIAL BUILDINGS
F9,FACTORY; INDUSTRIAL-MISCELLANEOUS,FACTORIES AND INDUSTRIAL BUILDINGS
G,GARAGES,GARAGES
G0,GARAGE; RESIDENTIAL TAX CLASS 1,GARAGES
G1,ALL PARKING GARAGES,GARAGES
G2,AUTO BODY/COLLISION OR AUTO REPAIR,GARAGES
G3,GAS STATION WITH RETAIL STORE,GARAGES
G4,GAS STATION WITH SERVICE/AUTO REPAIR,GARAGES
G5,GAS STATION ONLY WITH/WITHOUT SMALL KIOSK,GARAGES
G6,LICENSED PARKING LOT,GARAGES
G7,UNLICENSED PARKING LOT,GARAGES
G8,CAR SALES/RENTAL WITH SHOWROOM,GARAGES
G9,MISCELLANEOUS GARAGE,GARAGES
GU,CAR SALES OR RENTAL LOTS WITHOUT SHOWROOM,GARAGES
GW,CAR WASH OR LUBRITORIUM FACILITY,GARAGES
H,HOTELS,HOTELS
HB,BOUTIQUE: 10-100 ROOMS,HOTELS
HH,HOSTELS,HOTELS
HR,SRO- 1 OR 2 PEOPLE DWELLING AFFORDABLE HOUSING,HOTELS
HS,EXTENDED STAY/SUITE,HOTELS
H1,LUXURY HOTEL,HOTELS
H2,FULL SERVICE HOTEL,HOTELS
H3,LIMITED SERVICE; MANY AFFILIATED WITH NATIONAL CHAIN,HOTELS
H4,MOTEL,HOTELS
H5,"HOTEL; PRIVATE CLUB, LUXURY TYPE",HOTELS
H6,APARTMENT HOTEL,HOTELS
H7,APARTMENT HOTEL - COOPERATIVELY OWNED,HOTELS
H8,DORMITORY,HOTELS
H9,MISCELLANEOUS HOTEL,HOTELS
I,HOSPITALS AND HEALTH FACILITIES,HOSPITALS AND HEALTH FACILITIES
I1,"HOSPITAL, SANITARIUM, MENTAL INSTITUTION",HOSPITALS AND HEALTH FACILITIES
I2,INFIRMARY,HOSPITALS AND HEALTH FACILITIES
I3,DISPENSARY,HOSPITALS AND HEALTH FACILITIES
I4,HOSPITAL; STAFF FACILITY,HOSPITALS AND HEALTH FACILITIES
I5,"HEALTH CENTER, CHILD CENTER, CLINIC",HOSPITALS AND HEALTH FACILITIES
I6,NURSING HOME,HOSPITALS AND HEALTH FACILITIES
I7,ADULT CARE FACILITY,HOSPITALS AND HEALTH FACILITIES
I9,"MISCELLANEOUS HOSPITAL, HEALTH CARE FACILITY",HOSPITALS AND HEALTH FACILITIES
J,THEATRES,THEATRES
J1,THEATRE; ART TYPE LESS THAN 400 SEATS,THEATRES
J2,THEATRE; ART TYPE MORE THAN 400 SEATS,THEATRES
J3,MOTION PICTURE THEATRE WITH BALCONY,THEATRES
J4,"LEGITIMATE THEATRE, SOLE USE",THEATRES
J5,THEATRE IN MIXED-USE BUILDING,THEATRES
J6,TELEVISION STUDIO,THEATRES
J7,OFF BROADWAY TYPE THEATRE,THEATRES
J8,MULTIPLEX PICTURE THEATRE,THEATRES
J9,MISCELLANEOUS THEATRE,THEATRES
K,STORE BUILDINGS,STORE BUILDINGS
K1,ONE STORY RETAIL BUILDING,STORE BUILDINGS
K2,MULTI-STORY RETAIL BUILDING (2 OR MORE),STORE BUILDINGS
K3,MULTI-STORY DEPARTMENT STORE,STORE BUILDINGS
K4,PREDOMINANT RETAIL WITH OTHER USES,STORE BUILDINGS
K5,STAND-ALONE FOOD ESTABLISHMENT,STORE BUILDINGS
K6,SHOPPING CENTER WITH OR WITHOUT PARKING,STORE BUILDINGS
K7,BANKING FACILITIES WITH OR WITHOUT PARKING,STORE BUILDINGS
K8,BIG BOX RETAIL,STORE BUILDINGS
K9,MISCELLANEOUS STORE BUILDING,STORE BUILDINGS
L,LOFTS,LOFTS
L1,LOFT; OVER 8 STORIES (MID MANH. TYPE),LOFTS
L2,LOFT; FIREPROOF AND STORAGE TYPE WITHOUT STORES,LOFTS
L3,LOFT; SEMI-FIREPROOF,LOFTS
L8,LOFT; WITH RETAIL STORES OTHER THAN TYPE ONE,LOFTS
L9,MISCELLANEOUS LOFT,LOFTS
M,RELIGIOUS FACILITIES,RELIGIOUS FACILITIES
M1,"CHURCH, SYNAGOGUE, CHAPEL",RELIGIOUS FACILITIES
M2,MISSION HOUSE (NON-RESIDENTIAL),RELIGIOUS FACILITIES
M3,"PARSONAGE, RECTORY",RELIGIOUS FACILITIES
M4,CONVENT,RELIGIOUS FACILITIES
M9,MISCELLANEOUS RELIGIOUS FACILITY,RELIGIOUS FACILITIES
N,ASYLUMS AND HOMES,ASYLUMS AND HOMES
N1,ASYLUM,ASYLUMS AND HOMES
N2,"HOME FOR INDIGENT CHILDREN, AGED, HOMELESS",ASYLUMS AND HOMES
N3,ORPHANAGE,ASYLUMS AND HOMES
N4,DETENTION HOUSE FOR WAYWARD GIRLS,ASYLUMS AND HOMES
N9,"MISCELLANEOUS ASYLUM, HOME",ASYLUMS AND HOMES
O,OFFICE BUILDINGS,OFFICE BUILDINGS
O1,OFFICE ONLY - 1 STORY,OFFICE BUILDINGS
O2,OFFICE ONLY 2 - 6 STORIES,OFFICE BUILDINGS
O3,OFFICE ONLY 7 - 19 STORIES,OFFICE BUILDINGS
O4,OFFICE ONLY WITH OR WITHOUT COMM - 20 STORIES OR MORE,OFFICE BUILDINGS
O5,OFFICE WITH COMM - 1 TO 6 STORIES,OFFICE BUILDINGS
O6,OFFICE WITH COMM 7 - 19 STORIES,OFFICE BUILDINGS
O7,PROFESSIONAL BUILDINGS/STAND ALONE FUNERAL HOMES,OFFICE BUILDINGS
O8,OFFICE WITH APARTMENTS ONLY (NO COMM),OFFICE BUILDINGS
O9,MISCELLANEOUS AND OLD STYLE BANK BLDGS.,OFFICE BUILDINGS
P,INDOOR PUBLIC ASSEMBLY & CULT. FACILITIES,INDOOR PUBLIC ASSEMBLY & CULT. FACILITIES
P1,CONCERT HALL,INDOOR PUBLIC ASSEMBLY & CULT. FACILITIES
P2,LODGE ROOM,INDOOR PUBLIC ASSEMBLY & CULT. FACILITIES
P3,"YWCA, YMCA, YWHA, YMHA, PAL",INDOOR PUBLIC ASSEMBLY & CULT. FACILITIES
P4,BEACH CLUB,INDOOR PUBLIC ASSEMBLY & CULT. FACILITIES
P5,COMMUNITY CENTER,INDOOR PUBLIC ASSEMBLY & CULT. FACILITIES
P6,"AMUSEMENT PLACE, BATH HOUSE, BOAT HOUSE",INDOOR PUBLIC ASSEMBLY & CULT. FACILITIES
P7,MUSEUM,INDOOR PUBLIC ASSEMBLY & CULT. FACILITIES
P8,LIBRARY,INDOOR PUBLIC ASSEMBLY & CULT. FACILITIES
P9,MISCELLANEOUS INDOOR PUBLIC ASSEMBLY,INDOOR PUBLIC ASSEMBLY & CULT. FACILITIES
Q,OUTDOOR RECREATIONAL FACILITIES,OUTDOOR RECREATIONAL FACILITIES
Q1,PARKS/RECREATION FACILTY,OUTDOOR RECREATIONAL FACILITIES
Q2,PLAYGROUND,OUTDOOR RECREATIONAL FACILITIES
Q3,OUTDOOR POOL,OUTDOOR RECREATIONAL FACILITIES
Q4,BEACH,OUTDOOR RECREATIONAL FACILITIES
Q5,GOLF COURSE,OUTDOOR RECREATIONAL FACILITIES
Q6,"STADIUM, RACE TRACK, BASEBALL FIELD",OUTDOOR RECREATIONAL FACILITIES
Q7,TENNIS COURT,OUTDOOR RECREATIONAL FACILITIES
Q8,"MARINA, YACHT CLUB",OUTDOOR RECREATIONAL FACILITIES
Q9,MISCELLANEOUS OUTDOOR RECREATIONAL FACILITY,OUTDOOR RECREATIONAL FACILITIES
R,CONDOMINIUMS,CONDOMINIUMS
RA,"CULTURAL, MEDICAL, EDUCATIONAL, ETC.",CONDOMINIUMS
RB,OFFICE SPACE,CONDOMINIUMS
RG,INDOOR PARKING,CONDOMINIUMS
RH,HOTEL/BOATEL,CONDOMINIUMS
RK,RETAIL SPACE,CONDOMINIUMS
RP,OUTDOOR PARKING,CONDOMINIUMS
RR,CONDOMINIUM RENTALS,CONDOMINIUMS
RS,NON-BUSINESS STORAGE SPACE,CONDOMINIUMS
RT,TERRACES/GARDENS/CABANAS,CONDOMINIUMS
RW,WAREHOUSE/FACTORY/INDUSTRIAL,CONDOMINIUMS
R0,SPECIAL CONDOMINIUM BILLING LOT,CONDOMINIUMS
R1,CONDO; RESIDENTIAL UNIT IN 2-10 UNIT BLDG.,CONDOMINIUMS
R2,CONDO; RESIDENTIAL UNIT IN WALK-UP BLDG.,CONDOMINIUMS
R3,CONDO; RESIDENTIAL UNIT IN 1-3 STORY BLDG.,CONDOMINIUMS
R4,CONDO; RESIDENTIAL UNIT IN ELEVATOR BLDG.,CONDOMINIUMS
R5,MISCELLANEOUS COMMERCIAL,CONDOMINIUMS
R6,CONDO; RESID.UNIT OF 1-3 UNIT BLDG-ORIG CLASS 1,CONDOMINIUMS
R7,CONDO; COMML.UNIT OF 1-3 UNIT BLDG-ORIG CLASS 1,CONDOMINIUMS
R8,CONDO; COMML.UNIT OF 2-10 UNIT BLDG.,CONDOMINIUMS
R9,CO-OP WITHIN A CONDOMINIUM,CONDOMINIUMS
S,PRIMARILY RES. - MIXED USE,PRIMARILY RES. - MIXED USE
S0,PRIMARILY 1 FAMILY WITH 2 STORES OR OFFICES,PRIMARILY RES. - MIXED USE
S1,PRIMARILY 1 FAMILY WITH 1 STORE OR OFFICE,PRIMARILY RES. - MIXED USE
S2,PRIMARILY 2 FAMILY WITH 1 STORE OR OFFICE,PRIMARILY RES. - MIXED USE
S3,PRIMARILY 3 FAMILY WITH 1 STORE OR OFFICE,PRIMARILY RES. - MIXED USE
S4,PRIMARILY 4 FAMILY WITH 1 STORE OROFFICE,PRIMARILY RES. - MIXED USE
S5,PRIMARILY 5-6 FAMILY WITH 1 STORE OR OFFICE,PRIMARILY RES. - MIXED USE
S9,SINGLE OR MULTIPLE DWELLING WITH STORES OR OFFICES,PRIMARILY RES. - MIXED USE
T,TRANSPORTATION FACILITIES,TRANSPORTATION FACILITIES
T1,"AIRPORT, AIRFIELD, TERMINAL",TRANSPORTATION FACILITIES
T2,"PIER, DOCK, BULKHEAD",TRANSPORTATION FACILITIES
T9,MISCELLANEOUS TRANSPORTATION FACILITY,TRANSPORTATION FACILITIES
U,UTILITY BUREAU PROPERTIES,UTILITY BUREAU PROPERTIES
U0,UTILITY COMPANY LAND AND BUILDING,UTILITY BUREAU PROPERTIES
U1,"BRIDGE, TUNNEL, HIGHWAY",UTILITY BUREAU PROPERTIES
U2,GAS OR ELECTRIC UTILITY,UTILITY BUREAU PROPERTIES
U3,CEILING RAILROAD,UTILITY BUREAU PROPERTIES
U4,TELEPHONE UTILITY,UTILITY BUREAU PROPERTIES
U5,COMMUNICATION FACILITY OTHER THAN TELEPHONE,UTILITY BUREAU PROPERTIES
U6,RAILROAD - PRIVATE OWNERSHIP,UTILITY BUREAU PROPERTIES
U7,TRANSPORTATION - PUBLIC OWNERSHIP,UTILITY BUREAU PROPERTIES
U8,REVOCABLE CONSENT,UTILITY BUREAU PROPERTIES
U9,MISCELLANEOUS UTILITY PROPERTY,UTILITY BUREAU PROPERTIES
UR,UTILITY REVOCABLE CONSENT,UTILITY BUREAU PROPERTIES
V,VACANT LAND,VACANT LAND
V0,ZONED RESIDENTIAL; NOT MANHATTAN,VACANT LAND
V1,ZONED COMMERCIAL OR MANHATTAN RESIDENTIAL,VACANT LAND
V2,ZONED COMMERCIAL ADJACENT TO CLASS 1 DWELLING: NOT MANHATTAN,VACANT LAND
V3,ZONED PRIMARILY RESIDENTIAL; NOT MANHATTAN,VACANT LAND
V4,POLICE OR FIRE DEPARTMENT,VACANT LAND
V5,SCHOOL SITE OR YARD,VACANT LAND
V6,"LIBRARY, HOSPITAL OR MUSEUM",VACANT LAND
V7,PORT AUTHORITY OF NEW YORK AND NEW JERSEY,VACANT LAND
V8,NEW YORK STATE OR US GOVERNMENT,VACANT LAND
V9,MISCELLANEOUS VACANT LAND,VACANT LAND
VG,COMMUNITY GARDEN ZONED RESIDENTIAL; NOT MANHATTAN,VACANT LAND
VC,COMMUNITY GARDEN ZONED COMMERCIAL OR MANHATTAN,VACANT LAND
W,EDUCATIONAL FACILITIES,EDUCATIONAL FACILITIES
W1,"PUBLIC ELEMENTARY, JUNIOR OR SENIOR HIGH",EDUCATIONAL FACILITIES
W2,"PAROCHIAL SCHOOL, YESHIVA",EDUCATIONAL FACILITIES
W3,SCHOOL OR ACADEMY,EDUCATIONAL FACILITIES
W4,TRAINING SCHOOL,EDUCATIONAL FACILITIES
W5,CITY UNIVERSITY,EDUCATIONAL FACILITIES
W6,OTHER COLLEGE AND UNIVERSITY,EDUCATIONAL FACILITIES
W7,THEOLOGICAL SEMINARY,EDUCATIONAL FACILITIES
W8,OTHER PRIVATE SCHOOL,EDUCATIONAL FACILITIES
W9,MISCELLANEOUS EDUCATIONAL FACILITY,EDUCATIONAL FACILITIES
Y,GOVERNMENT/CITY DEPARTMENTS,GOVERNMENT/CITY DEPARTMENTS
Y1,FIRE DEPARTMENT,GOVERNMENT/CITY DEPARTMENTS
Y2,POLICE DEPARTMENT,GOVERNMENT/CITY DEPARTMENTS
Y3,"PRISON, JAIL, HOUSE OF DETENTION",GOVERNMENT/CITY DEPARTMENTS
Y4,MILITARY AND NAVAL INSTALLATION,GOVERNMENT/CITY DEPARTMENTS
Y5,DEPARTMENT OF REAL ESTATE,GOVERNMENT/CITY DEPARTMENTS
Y6,DEPARTMENT OF SANITATION,GOVERNMENT/CITY DEPARTMENTS
Y7,DEPARTMENT OF PORTS AND TERMINALS,GOVERNMENT/CITY DEPARTMENTS
Y8,DEPARTMENT OF PUBLIC WORKS,GOVERNMENT/CITY DEPARTMENTS
Y9,DEPARTMENT OF ENVIRONMENTAL PROTECTION,GOVERNMENT/CITY DEPARTMENTS
Z,MISC. BUILDING CLASSIFICATIONS,MISC. BUILDING CLASSIFICATIONS
Z0,"TENNIS COURT, POOL, SHED, ETC.",MISC. BUILDING CLASSIFICATIONS
Z1,COURT HOUSE,MISC. BUILDING CLASSIFICATIONS
Z2,PUBLIC PARKING AREA,MISC. BUILDING CLASSIFICATIONS
Z3,POST OFFICE,MISC. BUILDING CLASSIFICATIONS
Z4,FOREIGN GOVERNMENT,MISC. BUILDING CLASSIFICATIONS
Z5,UNITED NATIONS,MISC. BUILDING CLASSIFICATIONS
Z7,EASEMENT,MISC. BUILDING CLASSIFICATIONS
Z8,CEMETERY,MISC. BUILDING CLASSIFICATIONS
Z9,OTHER MISCELLANEOUS,MISC. BUILDING CLASSIFICATIONS
